Variable,Position,Label,Measurement Level,Role,Column Width,Alignment,Print Format,Write Format,Missing Values
id,1,<none>,Scale,Input,10,Right,F6,F6,
happy1,2,"All things considered, how satisfied would you say you are with life these days?",Nominal,Input,10,Right,F2,F2,"88, 99"
happy2,3,"Taking all things together on a scale of 1 to 10, how happy would you say you are?",Nominal,Input,10,Right,F2,F2,"88, 99"
work1,4,Are you currently working for pay?,Nominal,Input,8,Right,F1,F1,"8, 9"
work2,5,"Over the last month, on average how many hours a week did you work?",Nominal,Input,8,Right,F3,F3,777 through Highest
work3,6,Are you looking for more hours?,Nominal,Input,8,Right,F1,F1,
work4,7,Have you retired or partially retired from a previous job?,Nominal,Input,8,Right,F1,F1,"8, 9"
work6,8,"Realistically, at what age do you expect to [fully] retire?",Scale,Input,8,Right,F3,F3,777 through Highest
work7,9,"Do you now expect to retire later, at an older age than before?",Nominal,Input,8,Right,F1,F1,"8, 9"
work5,10,At this time do you consider yourself partly retired?,Nominal,Input,8,Right,F1,F1,"8, 9"
work8_1,11,What is your work status: Retired,Nominal,Input,8,Right,F1,F1,
work8_2,12,What is your work status: Unemployed and looking for work,Nominal,Input,8,Right,F1,F1,
work8_3,13,What is your work status: Temporarily laid off,Nominal,Input,8,Right,F1,F1,
work8_4,14,What is your work status: Disabled and unable to work,Nominal,Input,8,Right,F1,F1,
work8_5,15,What is your work status: A homemaker,Nominal,Input,8,Right,F1,F1,
work8_6,16,What is your work status: Never worked,Nominal,Input,8,Right,F1,F1,
work8_7,17,What is your work status: Something else,Nominal,Input,8,Right,F1,F1,
work8open,18,"What is your work status: Something else, specified",Nominal,Input,50,Left,A800,A800,
work8_8,19,What is your work status: Don't know,Nominal,Input,8,Right,F1,F1,
work8_9,20,What is your work status: Refused to answer,Nominal,Input,8,Right,F1,F1,
work8_10,21,What is your work status: Unemployed and not looking for work,Nominal,Input,8,Right,F1,F1,
work9,22,At what age did you retire?,Scale,Input,8,Right,F3,F3,777 through Highest
work10,23,"Did you retire earlier than you planned, later than you planned, or about when you planned?",Nominal,Input,8,Right,F1,F1,"8, 9"
work11,24,At this time do you consider yourself partly retired or completely retired?,Nominal,Input,8,Right,F1,F1,"8, 9"
work12,25,"Realistically, at what age do you expect to [fully] retire?",Scale,Input,8,Right,F3,F3,777 through Highest
work13,26,"Do you now expect to retire later, at an older age than before?",Nominal,Input,8,Right,F1,F1,
work14,27,Were you ever employed full-time?,Nominal,Input,8,Right,F1,F1,
work15,28,How old were you when you quit working full-time?,Scale,Input,8,Right,F3,F3,777 through Highest
conf1,29,"Overall, how confident are you that you will have enough money to live comfortably throughout your retirement years?",Nominal,Input,8,Right,F1,F1,"8, 9"
conf2,30,How confident are you that you will have enough money to take care of your basic expenses during your retirement?,Nominal,Input,8,Right,F1,F1,"8, 9"
conf3,31,How confident are you that you are doing/did a good job of preparing financially for retirement?,Nominal,Input,8,Right,F1,F1,"8, 9"
conf4,32,How confident are you that you will have enough money to take care of your medical expenses during your retirement?,Nominal,Input,8,Right,F1,F1,"8, 9"
conf5,33,How confident are you that you will have enough money to pay for long?term care should you need it during your retirement?,Nominal,Input,8,Right,F1,F1,"8, 9"
conf6,34,"If you were to need home health care, help with personal care needs or help with chores around the house because of disability or poor health, how confident are you that you would have enough money or resources to pay for it?",Nominal,Input,8,Right,F1,F1,"8, 9"
conf7open,35,How do you expect you would pay for home health care or personal care if you do need it because of disability or poor health?,Nominal,Input,50,Left,A800,A800,
conf8,36,"How often does your household have difficulty paying for basic necessities like monthly rent or mortgage, food, and utilities?",Nominal,Input,8,Right,F1,F1,"8, 9"
conf9,37,"In the past 3 years, has your household's financial situation...",Nominal,Input,8,Right,F1,F1,"8, 9"
conf10,38,"Thinking about your current financial situation, how would you describe your level of debt?",Nominal,Input,8,Right,F1,F1,"8, 9"
conf11,39,"Compared with five years ago, would you say your current level of debt is higher, lower, or about the same?",Nominal,Input,8,Right,F1,F1,"8, 9"
inc1,40,"Do you expect the following will be a major source of income, a minor source of income, or not a source of income at all during your retirement: Social Security?",Nominal,Input,8,Right,F1,F1,"8, 9"
inc2,41,"Do you expect the following will be a major source of income, a minor source of income, or not a source of income at all during your retirement: An employer retirement savings plan or a defined contribution plan like a 401k?",Nominal,Input,8,Right,F1,F1,"8, 9"
inc3,42,"Do you expect the following will be a major source of income, a minor source of income, or not a source of income at all during your retirement: An employer pension plan or a defined benefit plan where you receive a guaranteed fixed amount?",Nominal,Input,8,Right,F1,F1,"8, 9"
inc4,43,"Do you expect the following will be a major source of income, a minor source of income, or not a source of income at all during your retirement: An individual retirement account or IRA?",Nominal,Input,8,Right,F1,F1,"8, 9"
inc5,44,"Do you expect the following will be a major source of income, a minor source of income, or not a source of income at all during your retirement: Your other savings and investments?",Nominal,Input,8,Right,F1,F1,"8, 9"
inc6,45,"Do you expect the following will be a major source of income, a minor source of income, or not a source of income at all during your retirement: Income from Supplemental Security Income (or SSI) or other government assistance payments?",Nominal,Input,8,Right,F1,F1,"8, 9"
inc7,46,"Do you expect the following will be a major source of income, a minor source of income, or not a source of income at all during your retirement: Working during retirement?",Nominal,Input,8,Right,F1,F1,"8, 9"
inc8,47,"Do you expect the following will be a major source of income, a minor source of income, or not a source of income at all during your retirement: Income transfers or material support from other members of your family?",Nominal,Input,8,Right,F1,F1,"8, 9"
inc9,48,Are you currently receiving Social Security retirement income?,Nominal,Input,8,Right,F1,F1,"8, 9"
inc10,49,At what age did you first start receiving Social Security retirement income?,Scale,Input,8,Right,F3,F3,777 through Highest
inc11,50,At what age do you first anticipate to begin receiving Social Security retirement income?,Scale,Input,8,Right,F3,F3,777 through Highest
inc12,51,Is your spouse/partner currently receiving Social Security retirement income?,Nominal,Input,8,Right,F1,F1,"8, 9"
inc13,52,At what age did your spouse/partner first start receiving Social Security retirement income?,Scale,Input,8,Right,F3,F3,777 through Highest
inc14,53,At what age does your spouse/partner first anticipate to begin receiving Social Security retirement income?,Scale,Input,8,Right,F3,F3,777 through Highest
inc15,54,"In the past 12 months, did you [or your (spoue/partner)] receive financial help or gifts of $500 or more from any of your children or grandchildren?",Nominal,Input,8,Right,F1,F1,"8, 9"
inc16,55,"In the past 12 months, did you [or your (spouse/partner)] give financial help or gifts of $500 or more to any of your children or grandchildren?",Nominal,Input,8,Right,F1,F1,"8, 9"
inc17,56,"In the past 12 months, have you paid for a product or service that was never received?",Nominal,Input,8,Right,F1,F1,"8, 9"
inc18,57,"In the past 12 months, have you been billed for a product or service that you had not agreed to purchase?",Nominal,Input,8,Right,F1,F1,"8, 9"
inc19,58,"In the past 12 months, have you been the victim of any other types of financial frauds or scams?",Nominal,Input,8,Right,F1,F1,"8, 9"
inc20,59,Is there anyone who has taken your money or belongings without your OK or prevented you from getting them even when you asked?,Nominal,Input,8,Right,F1,F1,"8, 9"
liv1,60,What are your current living arrangements?,Nominal,Input,8,Right,F1,F1,"8, 9"
liv1open,61,"living arrangements - other, specified",Nominal,Input,50,Left,A800,A800,
liv2,62,"Including you, how many adults, age 18 and older, currently live in your household?",Nominal,Input,8,Right,F2,F2,"88, 99"
liv3,63,How many children under age 18 currently live in your household?,Nominal,Input,8,Right,F2,F2,"88, 99"
liv4_1,64,What is the relationship of each of these people to you: Your spouse / partner?,Nominal,Input,8,Right,F1,F1,
liv4_2,65,What is the relationship of each of these people to you: Your child(ren)?,Nominal,Input,8,Right,F1,F1,
liv4_3,66,What is the relationship of each of these people to you: Your grandchild(ren)?,Nominal,Input,8,Right,F1,F1,
liv4_4,67,What is the relationship of each of these people to you: Your parent(s)?,Nominal,Input,8,Right,F1,F1,
liv4_5,68,What is the relationship of each of these people to you: Other relatives of yours?,Nominal,Input,8,Right,F1,F1,
liv4_6,69,What is the relationship of each of these people to you: Non-relatives?,Nominal,Input,8,Right,F1,F1,
liv4_7,70,What is the relationship of each of these people to you: Don't know,Nominal,Input,8,Right,F1,F1,
liv4_8,71,What is the relationship of each of these people to you: Refused,Nominal,Input,8,Right,F1,F1,
liv5,72,Do you have primary responsibility for your grandchild(ren)?,Nominal,Input,8,Right,F1,F1,"8, 9"
liv6,73,How many years have you lived at your current residence?,Nominal,Input,8,Right,F1,F1,"8, 9"
liv7,74,"Do you or your family own the place where you currently live, do you rent, or something else?",Nominal,Input,8,Right,F1,F1,"8, 9"
liv7open,75,"Do you or your family own the place where you currently live, do you rent, or something else? Other, specified",Nominal,Input,50,Left,A800,A800,
liv8,76,Which of the following categories best describes the home where you live?,Nominal,Input,8,Right,F1,F1,"8, 9"
liv8open,77,"Which of the following categories best describes the home where you live? Other, specified",Nominal,Input,50,Left,A800,A800,
liv8a,78,How many units are in the building where you live?,Nominal,Input,8,Right,F1,F1,"8, 9"
liv9,79, How would you rate the overall physical or structural condition of the dwelling in which you live?,Nominal,Input,8,Right,F1,F1,"8, 9"
liv9a,80,Is your residence designed or modified to make it easier for older adults or those who may have disabilities to live there?,Nominal,Input,8,Right,F1,F1,"8, 9"
liv9b,81,Do you plan to make any future modifications or improvements in your residence to make it easier for older adults or those who have disabilities to live there?,Nominal,Input,8,Right,F1,F1,"8, 9"
liv10,82,"Taking everything into consideration, how satisfied or dissatisfied are you with your housing situation?",Nominal,Input,8,Right,F1,F1,"8, 9"
liv11,83,Have you lived in Allegheny County for all of the last 10 years?,Nominal,Input,8,Right,F1,F1,
liv12,84,Did you live in the Southwestern Pennsylvania region for all of the last 10 years?,Nominal,Input,8,Right,F1,F1,"8, 9"
liv13open,85,Where did you live just before you moved to the Southwestern Pennsylvania region?,Nominal,Input,50,Left,A800,A800,
liv14,86,What was the primary reason you moved into the Southwestern Pennsylvania region?,Nominal,Input,8,Right,F1,F1,
liv14open,87,"What was the primary reason you moved into the Southwestern Pennsylvania region?  Other, specified",Nominal,Input,50,Left,A800,A800,
liv14a,88,Was your retirement or the retirement of someone in your family part of the reason that you moved?,Nominal,Input,8,Right,F1,F1,
liv15,89,What was the primary reason you moved to Allegheny County?,Nominal,Input,8,Right,F1,F1,
liv15open,90,"What was the primary reason you moved to Allegheny County?  Other, specified",Nominal,Input,50,Left,A800,A800,
liv15a,91,Was your retirement or the retirement of someone in your family part of the reason that you moved?,Nominal,Input,8,Right,F1,F1,
liv16_1,92,What factors were important to you in choosing the neighborhood or community you currently live in: Housing costs?,Nominal,Input,8,Right,F1,F1,
liv16_2,93,What factors were important to you in choosing the neighborhood or community you currently live in: Crime and safety?,Nominal,Input,8,Right,F1,F1,
liv16_3,94,What factors were important to you in choosing the neighborhood or community you currently live in: Proximity to family?,Nominal,Input,8,Right,F1,F1,
liv16_4,95,What factors were important to you in choosing the neighborhood or community you currently live in: Accessibility to health care?,Nominal,Input,8,Right,F1,F1,
liv16_5,96,What factors were important to you in choosing the neighborhood or community you currently live in: Accessibility to other public services?,Nominal,Input,8,Right,F1,F1,
liv16_6,97,What factors were important to you in choosing the neighborhood or community you currently live in: Proximity to local retail or other commercial establishments?,Nominal,Input,8,Right,F1,F1,
liv16_7,98,What factors were important to you in choosing the neighborhood or community you currently live in: Accessibility of public transit?,Nominal,Input,8,Right,F1,F1,
liv16_8,99,What factors were important to you in choosing the neighborhood or community you currently live in: Some other factor?,Nominal,Input,8,Right,F1,F1,
liv16open,100,"What factors were important to you in choosing the neighborhood or community you currently live in: Other factor, specified",Nominal,Input,50,Left,A800,A800,
liv16_9,101,What factors were important to you in choosing the neighborhood or community you currently live in: Don't know,Nominal,Input,8,Right,F1,F1,
liv16_10,102,What factors were important to you in choosing the neighborhood or community you currently live in: Refused to answer,Nominal,Input,8,Right,F1,F1,
liv17,103,"In the last year, did you live outside of the Southwestern Pennsylvania region for more than 3 months?",Nominal,Input,8,Right,F1,F1,
liv18open,104,Where was that?,Nominal,Input,50,Left,A800,A800,
liv19,105,Do you or your family intend to move from your home in the next five years?,Nominal,Input,8,Right,F1,F1,"8, 9"
liv20,106,How likely are you to move from your current residence within the next year?,Nominal,Input,8,Right,F1,F1,"8, 9"
liv21,107,Do you intend to move out of Allegheny County in the next five years?,Nominal,Input,8,Right,F1,F1,"8, 9"
liv22,108,Do you intend to move out of the Southwestern Pennsylvania region in the next five years?,Nominal,Input,8,Right,F1,F1,"8, 9"
liv23,109,What is the primary reason you are planning to move out of the Southwestern Pennsylvania region?,Nominal,Input,8,Right,F1,F1,"8, 9"
liv23open,110,"What is the primary reason you are planning to move out of the Southwestern Pennsylvania region  Other reason, specified",Nominal,Input,50,Left,A800,A800,
liv24_1,111,What factors will be important to you when you choose the specific neighborhood or community you move to next: Housing costs?,Nominal,Input,8,Right,F1,F1,
liv24_2,112,What factors will be important to you when you choose the specific neighborhood or community you move to next: Crime and safety?,Nominal,Input,8,Right,F1,F1,
liv24_3,113,What factors will be important to you when you choose the specific neighborhood or community you move to next: Proximity to family?,Nominal,Input,8,Right,F1,F1,
liv24_4,114,What factors will be important to you when you choose the specific neighborhood or community you move to next: Accessibility to health care?,Nominal,Input,8,Right,F1,F1,
liv24_5,115,What factors will be important to you when you choose the specific neighborhood or community you move to next: Accessibility to other public services?,Nominal,Input,8,Right,F1,F1,
liv24_6,116,What factors will be important to you when you choose the specific neighborhood or community you move to next: Proximity to local retail or other commercial establishments?,Nominal,Input,8,Right,F1,F1,
liv24_7,117,What factors will be important to you when you choose the specific neighborhood or community you move to next: Accessibility of public transit?,Nominal,Input,8,Right,F1,F1,
liv24_8,118,What factors will be important to you when you choose the specific neighborhood or community you move to next: Some other factor?,Nominal,Input,8,Right,F1,F1,
liv24open,119,"What factors will be important to you when you choose the specific neighborhood or community you move to next: Some other factor, specified",Nominal,Input,50,Left,A800,A800,
liv24_9,120,What factors will be important to you when you choose the specific neighborhood or community you move to next: Don't know,Nominal,Input,8,Right,F1,F1,
liv24_10,121,What factors will be important to you when you choose the specific neighborhood or community you move to next: Refused,Nominal,Input,8,Right,F1,F1,
liv26,122,Will your retirement or the retirement of someone in your family be part of the reason that you will move?,Nominal,Input,8,Right,F1,F1,"8, 9"
liv26a,123,"In your next choice of residence, how important do you think having a house that is designed or modified to accommodate older adults or those who have disabilities will be to you?",Nominal,Input,8,Right,F1,F1,"8, 9"
liv27,124,How would you rate the Southwestern Pennsylvania region as a place to retire?,Nominal,Input,8,Right,F1,F1,"8, 9"
neigh1,125,How would you describe the condition of the other houses or buildings in your neighborhood?,Nominal,Input,8,Right,F1,F1,"8, 9"
neigh2,126,How conveniently located would you say your current residence is?,Nominal,Input,8,Right,F1,F1,"8, 9"
neigh3,127,"Thinking about the neighborhood and community in which you live, in general how good is it as a place for older people to live?",Nominal,Input,8,Right,F1,F1,"8, 9"
neigh4,128,How safe do you feel in your neighborhood?,Nominal,Input,8,Right,F1,F1,"8, 9"
neigh5,129,How accessible is a grocery store that sells fresh produce and healthy food?,Nominal,Input,8,Right,F1,F1,"8, 9"
neigh6,130,How about green spaces or public parks where you can spend time relaxing or exercising?,Nominal,Input,8,Right,F1,F1,"8, 9"
neigh7,131,How good is your neighborhood as a place to walk and to be physically active?,Nominal,Input,8,Right,F1,F1,"8, 9"
neigh8,132,About how many of your neighbors would you say you know?,Nominal,Input,8,Right,F1,F1,"8, 9"
neigh9,133,About how often do you talk to or visit with your immediate neighbors?,Nominal,Input,8,Right,F1,F1,"8, 9"
neigh10,134,The people in my neighborhood are willing to help their neighbors.,Nominal,Input,8,Right,F1,F1,"8, 9"
neigh11,135,The people in my neighborhood can be trusted.,Nominal,Input,8,Right,F1,F1,"8, 9"
neigh12,136,The people in my neighborhood generally don’t get along with each other.,Nominal,Input,8,Right,F1,F1,"8, 9"
neigh13,137,The people in my neighborhood do not share the same values.,Nominal,Input,8,Right,F1,F1,"8, 9"
neigh14,138,My neighborhood is a close-knit neighborhood.,Nominal,Input,8,Right,F1,F1,"8, 9"
trans1,139,Do you currently have a valid driver’s license?,Nominal,Input,8,Right,F1,F1,"8, 9"
trans1a,140,How often do you drive?,Nominal,Input,8,Right,F1,F1,"8, 9"
trans2_1,141,What are the main forms of transportation that you generally use: Drives him/herself,Nominal,Input,8,Right,F1,F1,
trans2_2,142,What are the main forms of transportation that you generally use: Uses public transportation,Nominal,Input,8,Right,F1,F1,
trans2_3,143,What are the main forms of transportation that you generally use: Gets a ride from relatives,Nominal,Input,8,Right,F1,F1,
trans2_4,144,What are the main forms of transportation that you generally use: Gets a ride from friends or neighbors,Nominal,Input,8,Right,F1,F1,
trans2_5,145,What are the main forms of transportation that you generally use: Uses Access,Nominal,Input,8,Right,F1,F1,
trans2_6,146,What are the main forms of transportation that you generally use: Uses a taxi or jitney service,Nominal,Input,8,Right,F1,F1,
trans2_7,147,What are the main forms of transportation that you generally use: Walks,Nominal,Input,8,Right,F1,F1,
trans2_8,148,What are the main forms of transportation that you generally use: Some other form,Nominal,Input,8,Right,F1,F1,
trans2open,149,"What are the main forms of transportation that you generally use: Some other form, specified",Nominal,Input,50,Left,A800,A800,
trans2_9,150,What are the main forms of transportation that you generally use: Don't know,Nominal,Input,8,Right,F1,F1,
trans210,151,What are the main forms of transportation that you generally use: Refused to answer,Nominal,Input,8,Right,F1,F1,
trans3,152,How often do you use public transit?,Nominal,Input,8,Right,F1,F1,"8, 9"
trans4,153,How satisfied are you with the public transit available to you?,Nominal,Input,8,Right,F1,F1,"8, 9"
trans5open,154,Why are you dissatisfied with the public transit available to you?,Nominal,Input,50,Left,A800,A800,
trans6,155,How convenient is public transit in the region for you to use?,Nominal,Input,8,Right,F1,F1,"8, 9"
trans7,156,Would you use public transit more if it was more convenient for you?,Nominal,Input,8,Right,F1,F1,"8, 9"
health1,157,"Overall, how would you rate your health during the past 4 weeks?",Nominal,Input,8,Right,F1,F1,"8, 9"
health2,158,"During the past 4 weeks, how much did physical health problems limit your usual physical activities (such as walking or climbing stairs)?",Nominal,Input,8,Right,F1,F1,"8, 9"
health3,159,"During the past 4 weeks, how much difficulty did you have doing your daily work both at home and away from home, because of your physical health?",Nominal,Input,8,Right,F1,F1,"8, 9"
health4,160,How much bodily pain have you had during the past 4 weeks?,Nominal,Input,8,Right,F1,F1,"8, 9"
health5,161,"During the past 4 weeks, how much energy did you have?",Nominal,Input,8,Right,F1,F1,"8, 9"
health6,162," During the past 4 weeks, how much did your physical health or emotional problems limit your usual social activities with family or friends?",Nominal,Input,8,Right,F1,F1,"8, 9"
health7,163,"During the past 4 weeks, how much have you been bothered by emotional problems (such as feeling anxious, depressed or irritable)?",Nominal,Input,8,Right,F1,F1,"8, 9"
health8,164,"During the past 4 weeks, how much did personal or emotional problems keep you from doing your usual work, school or other daily activities?",Nominal,Input,8,Right,F1,F1,"8, 9"
health9,165,"Compared to one year ago, how would you rate your health in general now?",Nominal,Input,8,Right,F1,F1,"8, 9"
health10,166,Have you ever been told by a doctor that you have high blood pressure?,Nominal,Input,8,Right,F1,F1,"8, 9"
health11,167,Have you ever been told by a doctor that you have diabetes?,Nominal,Input,8,Right,F1,F1,"8, 9"
health12,168,Have you ever been told by a doctor that you have coronary heart disease or coronary artery disease?,Nominal,Input,8,Right,F1,F1,"8, 9"
health13,169,Have you ever had a heart attack?,Nominal,Input,8,Right,F1,F1,"8, 9"
health14,170,"Have you ever been told by a doctor that you have some form of arthritis, rheumatoid arthritis, gout, lupus, or fibromyalgia?",Nominal,Input,8,Right,F1,F1,"8, 9"
health15,171,"Have you ever been told by a doctor that you had asthma, emphysema, chronic bronchitis, COPD, or any other serious respiratory problem?",Nominal,Input,8,Right,F1,F1,"8, 9"
health16,172,Have you ever been told by a doctor that you had cancer?,Nominal,Input,8,Right,F1,F1,"8, 9"
health17,173,Do you have any other major health problems that I have not asked you about?,Nominal,Input,8,Right,F1,F1,"8, 9"
health18open,174,What other major health problem(s)?,Nominal,Input,50,Left,A800,A800,
health19,175,"During the past month, how would you describe your stress level?",Nominal,Input,8,Right,F1,F1,"8, 9"
fs1,176,Do you need the help of other persons with your personal care needs due to a health problem you have or problems with your memory?,Nominal,Input,8,Right,F1,F1,"8, 9"
fs2_1,177,Who usually helps you with your personal care needs: Spouse,Nominal,Input,8,Right,F1,F1,
fs2_2,178,Who usually helps you with your personal care needs: Son or daughter / son or daugher-in-law,Nominal,Input,8,Right,F1,F1,
fs2_3,179,Who usually helps you with your personal care needs: Other relative,Nominal,Input,8,Right,F1,F1,
fs2_4,180,Who usually helps you with your personal care needs: Friend,Nominal,Input,8,Right,F1,F1,
fs2_5,181,Who usually helps you with your personal care needs: Paid caregiver,Nominal,Input,8,Right,F1,F1,
fs2_6,182,Who usually helps you with your personal care needs: Don't know,Nominal,Input,8,Right,F1,F1,
fs2_7,183,Who usually helps you with your personal care needs: Refused to answer,Nominal,Input,8,Right,F1,F1,
fs3,184,"Is the assistance you receive to meet your personal care needs from all sources usually adequate, sometimes adequate, or rarely adequate?",Nominal,Input,8,Right,F1,F1,"8, 9"
fs4,185,Do you need the help of other persons with your routine needs due to a health problem you have or problems with your memory?,Nominal,Input,8,Right,F1,F1,"8, 9"
fs5_1,186,Who usually helps you with your routine care needs: Spouse,Nominal,Input,8,Right,F1,F1,
fs5_2,187,Who usually helps you with your routine care needs: Son or daughter / son or daugher-in-law,Nominal,Input,8,Right,F1,F1,
fs5_3,188,Who usually helps you with your routine care needs: Other relative,Nominal,Input,8,Right,F1,F1,
fs5_4,189,Who usually helps you with your routine care needs: Friend,Nominal,Input,8,Right,F1,F1,
fs5_5,190,Who usually helps you with your routine care needs: Paid caregiver,Nominal,Input,8,Right,F1,F1,
fs5_6,191,Who usually helps you with your routine care needs: Don't know,Nominal,Input,8,Right,F1,F1,
fs5_7,192,Who usually helps you with your routine care needs: Refused to answer,Nominal,Input,8,Right,F1,F1,
fs6,193,"Is the assistance you receive to meet your routine needs from all sources usually adequate, sometimes adequate, or rarely adequate?",Nominal,Input,8,Right,F1,F1,"8, 9"
fs7,194,How likely do you think it is that you will need help with either personal care needs or routine needs at some point in the future?,Nominal,Input,8,Right,F1,F1,"8, 9"
fs8,195,How concerned are you about the possibility of becoming a burden to your family or friends in the future because of ill health or disability?,Nominal,Input,8,Right,F1,F1,"8, 9"
fs9,196,Do you have a Health Care Power of Attorney in which you name someone to make decisions about your health care in the event  you become incapacitated?,Nominal,Input,8,Right,F1,F1,"8, 9"
fs10,197,Do you have a living will in which you state the kind of health care you want or don't want under certain circumstance?,Nominal,Input,8,Right,F1,F1,"8, 9"
fs11,198,Do you have a will that controls how your assets are to be distributed?,Nominal,Input,8,Right,F1,F1,"8, 9"
beh1,199,"Do you have any kind of health care coverage, including health insurance or government plans such as Medicare?",Nominal,Input,8,Right,F1,F1,"8, 9"
beh2,200,Do you have Long Term Care Insurance?,Nominal,Input,8,Right,F1,F1,"8, 9"
beh3,201,Do you have a physician who coordinates the medical care you receive?,Nominal,Input,8,Right,F1,F1,"8, 9"
beh4,202,What type of physician is that?,Nominal,Input,8,Right,F1,F1,"8, 9"
beh4open,203,"What type of physician is that?  Other, specified",Nominal,Input,50,Left,A800,A800,
beh5,204,Do you have a primary care physician?,Nominal,Input,8,Right,F1,F1,"8, 9"
beh6,205,Is there a place that you usually go to when you are sick or need advice about your health?,Nominal,Input,8,Right,F1,F1,"8, 9"
beh7,206,"What kind of place is it - a clinic, doctor's office, emergency room, or some other place?",Nominal,Input,8,Right,F1,F1,
beh7open,207,"What kind of place is it - a clinic, doctor's office, emergency room, or some other place? Other, specified",Nominal,Input,50,Left,A800,A800,
beh8,208,About how long has it been since you last visited a medical doctor?,Nominal,Input,8,Right,F1,F1,"8, 9"
beh9,209,Were you hospitalized in the last year?,Nominal,Input,8,Right,F1,F1,"8, 9"
beh10,210,How many times were you hospitalized in the last year?,Nominal,Input,8,Right,F3,F3,
beh11,211,What was the reason you were hospitalized the most recent time you were admitted?,Nominal,Input,8,Right,F1,F1,"8, 9"
beh11open,212,"What was the reason you were hospitalized the most recent time you were admitted?  Other, specified",Nominal,Input,50,Left,A800,A800,
beh12,213,Was there a time during the last 12 months when you needed to see a doctor but could not because of the cost?,Nominal,Input,8,Right,F1,F1,"8, 9"
beh13,214,"Altogether would you say that you are very satisfied, somewhat satisfied, somewhat dissatisfied, or very dissatisfied  with your health care?",Nominal,Input,8,Right,F1,F1,"8, 9"
beh14,215,"Do you now smoke cigarettes every day, some days, or not at all?",Nominal,Input,8,Right,F1,F1,"8, 9"
beh15,216,"During the past 30 days, have you had at least one drink of any alcoholic beverage such as beer, wine, a malt beverage, or liquor?",Nominal,Input,8,Right,F1,F1,"8, 9"
beh16,217,"During the past 30 days, how many days did you have at least one drink of any alcoholic beverage?",Nominal,Input,8,Right,F2,F2,"88, 99"
beh17,218,"During the past 30 days, on the days when you drank, about how many drinks did you drink on the average?",Nominal,Input,8,Right,F2,F2,"88, 99"
beh18,219,"During the past month, other than your regular job, did you participate in any physical activities or exercises such as running, calisthenics, golf, gardening, or walking for exercise?",Nominal,Input,8,Right,F1,F1,"8, 9"
beh19a,220,How tall are you without shoes?  (feet portion),Nominal,Input,8,Right,F2,F2,"88, 99"
beh19b,221,How tall are you without shoes?  (inches portion),Scale,Input,8,Right,F5.2,F5.2,
beh20,222,How much do you weigh without shoes?,Scale,Input,8,Right,F6.2,F6.2,"8888.00, 9999.00"
bmi,223,<none>,Scale,Input,10,Right,F8.2,F8.2,
beh21,224,"During the past 12 months, have you had a seasonal flu shot?",Nominal,Input,8,Right,F1,F1,"8, 9"
beh22,225,Have you ever had a pneumonia vaccination?,Nominal,Input,8,Right,F1,F1,"8, 9"
beh23,226,Have you ever had the Shingles vaccine also known as the zoster vaccine?,Nominal,Input,8,Right,F1,F1,"8, 9"
cog1,227,How would you rate your memory at the present time?,Nominal,Input,8,Right,F1,F1,"8, 9"
cog2,228,"Compared with 1 year ago, would you say your memory is:",Nominal,Input,8,Right,F1,F1,"8, 9"
cog3,229,"To what degree is the following statement true for you?   “In the past 7 days, my thinking has been as fast as usual.”",Nominal,Input,8,Right,F1,F1,"8, 9"
anxdep1,230,"Over the last 2 weeks, how often have you been bothered by little interest or pleasure in doing things?",Nominal,Input,8,Right,F1,F1,"8, 9"
anxdep2,231,"Over the last 2 weeks, how often have you been bothered by feeling down, depressed or hopeless?",Nominal,Input,8,Right,F1,F1,"8, 9"
anxdep3,232,"Over the last 2 weeks, how often have you been bothered by trouble falling asleep or staying asleep or sleeping too much?",Nominal,Input,8,Right,F1,F1,"8, 9"
anxdep4,233,"Over the last 2 weeks, how often have you been bothered by feeling tired or having little energy?",Nominal,Input,8,Right,F1,F1,"8, 9"
anxdep5,234,"Over the last 2 weeks, how often have you been bothered by having a poor appetite or eating too much?",Nominal,Input,8,Right,F1,F1,"8, 9"
anxdep6,235,"Over the last 2 weeks, how often have you been bothered by feeling bad about yourself or that you were a failure or had let yourself or your family down?",Nominal,Input,8,Right,F1,F1,"8, 9"
anxdep7,236,"Over the last 2 weeks, how often have you been bothered by trouble concentrating on things, such as reading the newspaper or watching the TV?",Nominal,Input,8,Right,F1,F1,"8, 9"
anxdep8,237,"Over the last 2 weeks, how often have you been bothered by moving or speaking so slowly that other people could have noticed? Or the opposite – being so fidgety or restless that you were moving around a lot more than usual?",Nominal,Input,8,Right,F1,F1,"8, 9"
anxdep9,238,Are you now taking medicine or receiving treatment from a doctor or other health professional for any type of mental health condition or emotional problem?,Nominal,Input,8,Right,F1,F1,"8, 9"
anxdep10,239,Has a doctor or other healthcare provider ever told you that you have an anxiety disorder?,Nominal,Input,8,Right,F1,F1,"8, 9"
socsup1,240,How many relatives including immediate family do you feel close to?,Nominal,Input,8,Right,F3,F3,777 through Highest
socsup2,241,"Not including family members, how many close friends do you have?",Nominal,Input,8,Right,F3,F3,777 through Highest
socsup3,242,"""If I feel lonely, there are several people I can talk to.""",Nominal,Input,8,Right,F1,F1,"8, 9"
socsup4,243,"""If I were sick, it would be easy for me to find someone to take me to the doctor.""",Nominal,Input,8,Right,F1,F1,"8, 9"
socsup5,244,"""When I need suggestions on how to deal with a personal problem, I know someone I can turn to.""",Nominal,Input,8,Right,F1,F1,"8, 9"
socsup6,245,"All things considered, how satisfied are you with the help and support you receive from your family and friends?",Nominal,Input,8,Right,F1,F1,"8, 9"
socsup7,246,In the past month how often have others made too many demands on you?,Nominal,Input,8,Right,F1,F1,"8, 9"
socsup8,247,"In the past month, how often have others been critical of you?",Nominal,Input,8,Right,F1,F1,"8, 9"
socsup9,248,"In the past month, how often have others taken advantage of you?",Nominal,Input,8,Right,F1,F1,"8, 9"
socsup10,249,"""I feel left out.""",Nominal,Input,8,Right,F1,F1,"8, 9"
socsup11,250,"""I feel isolated.""",Nominal,Input,8,Right,F1,F1,"8, 9"
socsup12,251,How often can you find companionship when you want it?,Nominal,Input,8,Right,F1,F1,"8, 9"
cg1,252,Does anybody usually rely on you to help them with their personal care needs?,Nominal,Input,8,Right,F1,F1,"8, 9"
cg2,253,What is your relationship to the person you help with their personal care needs?,Nominal,Input,8,Right,F2,F2,
cg2open,254,"CR - personal care needs (other, specified)",Nominal,Input,50,Left,A800,A800,
cg3,255,About how many hours per week on average do you help this person with personal care needs?,Nominal,Input,8,Right,F1,F1,"8, 9"
cg4,256,For how long have you been helping this person with personal care needs?,Nominal,Input,8,Right,F1,F1,"8, 9"
cg5,257,How stressful is it for you to help the person with their personal care needs?,Nominal,Input,8,Right,F1,F1,"8, 9"
cg6,258,Does anybody usually rely on you to help them with their routine needs?,Nominal,Input,8,Right,F1,F1,"8, 9"
cg7,259,What is your relationship to the person you help with their routine needs?,Nominal,Input,8,Right,F2,F2,
cg7open,260,"CR - routine needs - other, specified",Nominal,Input,50,Left,A800,A800,
cg8,261,About how many hours per week on average do you help this person with routine needs?,Nominal,Input,8,Right,F1,F1,"8, 9"
cg9,262,For how long have you been helping this person with routine needs?,Nominal,Input,8,Right,F1,F1,"8, 9"
cg10,263,How stressful is it for you to help this person with their routine needs?,Nominal,Input,8,Right,F1,F1,"8, 9"
cg11_1,264,Do you feel you need more help or information on: Keeping the person you care for safe at home?,Nominal,Input,8,Right,F1,F1,
cg11_2,265,Do you feel you need more help or information on: Managing challenging behaviors?,Nominal,Input,8,Right,F1,F1,
cg11_3,266,Do you feel you need more help or information on: Easy activities you can do with the person you care for?,Nominal,Input,8,Right,F1,F1,
cg11_4,267,Do you feel you need more help or information on: Managing incontinence or toileting problems?,Nominal,Input,8,Right,F1,F1,
cg11_5,268,Do you feel you need more help or information on: Moving or lifting the person you care for?,Nominal,Input,8,Right,F1,F1,
cg11_6,269,Do you feel you need more help or information on: Balancing your work and family responsibilities?,Nominal,Input,8,Right,F1,F1,
cg11_7,270,Do you feel you need more help or information on: Finding time for yourself or respite care?,Nominal,Input,8,Right,F1,F1,
cg11_8,271,Do you feel you need more help or information on: Choosing an assisted living facility or nursing home?,Nominal,Input,8,Right,F1,F1,
cg11_9,272,Do you feel you need more help or information on: Choosing a home care agency?,Nominal,Input,8,Right,F1,F1,
cg11_10,273,Do you feel you need more help or information on: Knowing how to talk with doctors and other healthcare professionals?,Nominal,Input,8,Right,F1,F1,
cg11_11,274,Do you feel you need more help or information on: Managing your emotional and physical stress?,Nominal,Input,8,Right,F1,F1,
cg11_12,275,Do you feel you need more help or information on: Making end-of-life decisions?,Nominal,Input,8,Right,F1,F1,
cg11_13,276,Do you feel you need more help or information on: Where to access information or resources?,Nominal,Input,8,Right,F1,F1,
cg11_14,277,Do you feel you need more help or information on: Where to find private pay help that is trustworthy and reasonably priced?,Nominal,Input,8,Right,F1,F1,
cg11_15,278,Do you feel you need more help or information on: How to explain to employers the need for flexibility at work?,Nominal,Input,8,Right,F1,F1,
cg11_16,279,Do you feel you need more help or information on: Specific training on the illness of the person for whom you are caring?,Nominal,Input,8,Right,F1,F1,
cg11_17,280,Do you feel you need more help or information on: Anything else?,Nominal,Input,8,Right,F1,F1,
cg11open,281,"info need: other, specified",Nominal,Input,50,Left,A800,A800,
cg11_19,282,info need: DK,Nominal,Input,8,Right,F1,F1,
cg11_20,283,info need: REF,Nominal,Input,8,Right,F1,F1,
cg11_21,284,info need: NONE SELECTED,Nominal,Input,8,Right,F1,F1,
cg12Open,285,What concerns you most about your ability to continue caregiving in the future?,Nominal,Input,50,Left,A800,A800,
cg13,286,How likely is it that you will have to provide this kind of care for an adult relative or friend in the future?,Nominal,Input,8,Right,F1,F1,"8, 9"
vol1,287,"In the past 12 months, have you volunteered for a nonprofit organization?",Nominal,Input,8,Right,F1,F1,"8, 9"
vol2_1,288,What type of organizations have you volunteered for in the past 12 months: A school?,Nominal,Input,8,Right,F1,F1,
vol2_2,289,What type of organizations have you volunteered for in the past 12 months: A hospital?,Nominal,Input,8,Right,F1,F1,
vol2_3,290,What type of organizations have you volunteered for in the past 12 months: A religious organization?,Nominal,Input,8,Right,F1,F1,
vol2_4,291,What type of organizations have you volunteered for in the past 12 months: A neighborhood association?,Nominal,Input,8,Right,F1,F1,
vol2_5,292,What type of organizations have you volunteered for in the past 12 months: A civic group?,Nominal,Input,8,Right,F1,F1,
vol2_6,293,What type of organizations have you volunteered for in the past 12 months: A charity?,Nominal,Input,8,Right,F1,F1,
vol2_7,294,What type of organizations have you volunteered for in the past 12 months: A non-profit organization?,Nominal,Input,8,Right,F1,F1,
vol2_8,295,What type of organizations have you volunteered for in the past 12 months: Some other type of group?,Nominal,Input,8,Right,F1,F1,
vol2open,296,"What type of organizations have you volunteered for in the past 12 months: Some other type of group, specified",Nominal,Input,50,Left,A800,A800,
vol2_9,297,What type of organizations have you volunteered for in the past 12 months: Don't know,Nominal,Input,8,Right,F1,F1,
vol2_10,298,What type of organizations have you volunteered for in the past 12 months: Refused to answer,Nominal,Input,8,Right,F1,F1,
vol3,299,"About how many hours per month, on average, do you spend volunteering for organizations?",Nominal,Input,8,Right,F3,F3,777 through Highest
vol4,300,In the past 12 months have you volunteered your time on your own to help your community or someone who was in need?,Nominal,Input,8,Right,F1,F1,"8, 9"
vol5,301,"About how many hours per month, on average, do you spend volunteering  on your own, not through an organization?",Nominal,Input,8,Right,F3,F3,777 through Highest
vol6a,302,"In the past year did you engage in this activity without pay for organizations or non-family members: Coach, referee, or supervise sports teams",Nominal,Input,8,Right,F1,F1,"8, 9"
vol6b,303,"In the past year did you engage in this activity without pay for organizations or non-family members: Tutor, teach, or mentor someone",Nominal,Input,8,Right,F1,F1,"8, 9"
vol6c,304,"In the past year did you engage in this activity without pay for organizations or non-family members: Collect, prepare, distribute, or serve food",Nominal,Input,8,Right,F1,F1,"8, 9"
vol6d,305,"I the past year did you engage in this activity without pay for organizations or non-family members: Collect, make, or distribute clothing, crafts, or goods other than food",Nominal,Input,8,Right,F1,F1,"8, 9"
vol6e,306,In the past year did you engage in this activity without pay for organizations or non-family members: Fundraise or sell items to raise money for an organization or cause,Nominal,Input,8,Right,F1,F1,"8, 9"
vol6f,307,"In the past year did you engage in this activity without pay for organizations or non-family members: Provide counseling, medical care, fire/EMS, or protective services",Nominal,Input,8,Right,F1,F1,"8, 9"
vol6g,308,In the past year did you engage in this activity without pay for organizations or non-family members: Provide professional or management assistance including serving on a board or committee,Nominal,Input,8,Right,F1,F1,"8, 9"
vol6h,309,In the past year did you engage in this activity without pay for organizations or non-family members: Supply transportation for people,Nominal,Input,8,Right,F1,F1,"8, 9"
vol6i,310,"In the past year did you engage in this activity without pay for organizations or non-family members: Engage in activities such as biking, walking or running to raise money or awareness for a cause",Nominal,Input,8,Right,F1,F1,"8, 9"
vol6j,311,In the past year did you engage in this activity without pay for organizations or non-family members: Help persons with disabilities/activity limitations,Nominal,Input,8,Right,F1,F1,"8, 9"
vol6k,312,"In the past year did you engage in this activity without pay for organizations or non-family members: Clean up/repair parks, playgrounds, outdoor areas",Nominal,Input,8,Right,F1,F1,"8, 9"
vol6l,313,"In the past year did you engage in this activity without pay for organizations or non-family members: Political activity (canvassing, phone bank, etc.)",Nominal,Input,8,Right,F1,F1,"8, 9"
vol7open,314,How do you usually find out about opportunities to volunteer?,Nominal,Input,50,Left,A800,A800,
vol8a,315,"How important is this reason for you personally to volunteer: It provides an opportunity to use your knowledge, skills, and experience.",Nominal,Input,8,Right,F1,F1,"8, 9"
vol8b,316,How important is this reason for you personally to volunteer: It is something that will help your own neighborhood or community.,Nominal,Input,8,Right,F1,F1,"8, 9"
vol8c,317,How important is this reason for you personally to volunteer: It is a way to make a difference on a cause or an issue that is important to you or that you are interested in.,Nominal,Input,8,Right,F1,F1,"8, 9"
vol8d,318,How important is this reason for you personally to volunteer: It is a way to meet people or get together with people.,Nominal,Input,8,Right,F1,F1,"8, 9"
vol8e,319,How important is this reason for you personally to volunteer: It keeps you active.,Nominal,Input,8,Right,F1,F1,"8, 9"
vol8f,320,How important is this reason for you personally to volunteer: Because you feel a personal responsibility to help others when they need it.,Nominal,Input,8,Right,F1,F1,"8, 9"
vol8g,321,How important is this reason for you personally to volunteer: It makes your own life more satisfying.,Nominal,Input,8,Right,F1,F1,"8, 9"
vol8h,322,How important is this reason for you personally to volunteer: Because of your religious beliefs.,Nominal,Input,8,Right,F1,F1,"8, 9"
vol8i,323,How important is this reason for you personally to volunteer: Someone asked you personally to volunteer.,Nominal,Input,8,Right,F1,F1,"8, 9"
vol8j,324,How important is this reason for you personally to volunteer: The organization has an established track record of doing good work.,Nominal,Input,8,Right,F1,F1,"8, 9"
vol8k,325,How important is this reason for you personally to volunteer: Someone you know was or is affected by the issue.,Nominal,Input,8,Right,F1,F1,"8, 9"
vol8l,326,How important is this reason for you personally to volunteer: It is a way to “give back”.,Nominal,Input,8,Right,F1,F1,"8, 9"
vol9,327,"Do you think there are enough opportunities to volunteer available locally, or would you like to see more volunteering opportunities provided?",Nominal,Input,8,Right,F1,F1,"8, 9"
vol10open,328,What types of opportunities to volunteer would you like to see more of?,Nominal,Input,50,Left,A800,A800,
vol11,329,"If you knew about seniors in your community who needed some assistance and could not get help in any other way, would you be willing to volunteer some of your time or effort to help them?",Nominal,Input,8,Right,F1,F1,"8, 9"
serv1,330,Have you heard about the Area Agency on Aging or the Senior Line?,Nominal,Input,8,Right,F1,F1,"8, 9"
serv2,331,Have you used any services or assistance for older adults for your own personal useduring the last 12 months?,Nominal,Input,8,Right,F1,F1,"8, 9"
serv3,332,"In the last 12 months, have you used any personal care services?",Nominal,Input,8,Right,F1,F1,"8, 9"
serv4,333,"In the last 12 months, have you used home health care services?",Nominal,Input,8,Right,F1,F1,"8, 9"
serv5,334,"In the last 12 months, have you used any home-delivered meals services?",Nominal,Input,8,Right,F1,F1,"8, 9"
serv6,335,"In the last 12 months, have you visited a Senior Community Center?",Nominal,Input,8,Right,F1,F1,"8, 9"
serv7,336,"In the last 12 months, have you used transportation services for older adults?",Nominal,Input,8,Right,F1,F1,"8, 9"
serv8,337,"In the last 12 months, have you used respite care services for taking care of a loved one?",Nominal,Input,8,Right,F1,F1,"8, 9"
serv9,338,"In the last 12 months, have you used services for older adults to help you with chores or light housekeeping and home maintenance?",Nominal,Input,8,Right,F1,F1,"8, 9"
serv10,339,"In the last 12 months, have you had any volunteer service companions?",Nominal,Input,8,Right,F1,F1,"8, 9"
serv11,340,"In the last 12 months, have you used any legal services for older adults or information and referral services for older adults?",Nominal,Input,8,Right,F1,F1,"8, 9"
serv11a,341,Did you arrange for anybody else to use these services in the last 12 months?,Nominal,Input,8,Right,F1,F1,"8, 9"
serv12,342,"Overall, how satisfied are you with the services you have used?",Nominal,Input,8,Right,F1,F1,"8, 9"
serv13,343,"Are there services you need, but are not getting?",Nominal,Input,8,Right,F1,F1,"8, 9"
serv14open,344,Which services do you need?,Nominal,Input,50,Left,A800,A800,
serv15,345,Do you know where to get these services,Nominal,Input,8,Right,F1,F1,"8, 9"
relig1,346,What is your current religious preference?,Nominal,Input,8,Center,F1,F1,"8, 9"
relig1open,347,"What is your current religious preference?  Other, specified",Nominal,Input,50,Left,A800,A800,
relig2,348,"How often do you usually attend religious services, meetings and/or activities?",Nominal,Input,8,Right,F1,F1,"8, 9"
relig3,349,To what extent do you consider yourself a spiritual person?,Nominal,Input,8,Right,F1,F1,"8, 9"
net1,350,"Do you use the internet, at least occasionally?",Nominal,Input,8,Right,F1,F1,"8, 9"
net2,351,How many hours in a typical week do you spend using the Internet?,Nominal,Input,8,Right,F1,F1,"8, 9"
net3,352,"Do you access the internet on a cell phone, tablet or other mobile handheld device, at least occasionally?",Nominal,Input,8,Right,F1,F1,"8, 9"
net4,353,"Do you ever use the internet to use a social networking site like Facebook, LinkedIn or Google Plus?",Nominal,Input,8,Right,F1,F1,"8, 9"
sex,354,Respondent's sex,Nominal,Input,8,Right,F1,F1,
age,355,What is your age now?,Scale,Input,8,Right,F3,F3,777 through Highest
age65,356,"If age is missing, 65 or older?",Nominal,Input,10,Right,F1,F1,"8, 9"
marstat,357,What is your current marital status?,Nominal,Input,8,Right,F1,F1,"8, 9"
boomer,358,<none>,Nominal,Input,10,Right,F1,F1,
hisp,359,Are you of Hispanic or Latino descent?,Nominal,Input,8,Right,F1,F1,"8, 9"
race_1,360,How would you describe your race or ethnicity: Caucasian/White?,Nominal,Input,8,Right,F1,F1,
race_2,361,How would you describe your race or ethnicity: Asian/Pacific Islander?,Nominal,Input,8,Right,F1,F1,
race_3,362,How would you describe your race or ethnicity: American Indian or Alaskan Native?,Nominal,Input,8,Right,F1,F1,
race_4,363,How would you describe your race or ethnicity: Black or African-American?,Nominal,Input,8,Right,F1,F1,
race_5,364,How would you describe your race or ethnicity: None of the above,Nominal,Input,8,Right,F1,F1,
race_6,365,How would you describe your race or ethnicity: Don't know,Nominal,Input,8,Right,F1,F1,
race_7,366,How would you describe your race or ethnicity: Refused,Nominal,Input,8,Right,F1,F1,
educ,367,What is the highest level of education you have completed?,Nominal,Input,8,Right,F2,F2,"88, 99"
income,368,Which of the following best describes your household's total yearly income?,Nominal,Input,8,Right,F1,F1,"8, 9"
vet,369,Are you a veteran?,Nominal,Input,8,Right,F1,F1,
PCS8,370,SF8 physical component scale,Scale,Input,10,Right,F8.2,F8.2,999.00
MCS8,371,SF8 mental component scale,Scale,Input,10,Right,F8.2,F8.2,999.00
PHQ8,372,Patient Health Questionnaire - 8 item,Scale,Input,10,Right,F4.2,F4.2,
PHQ2,373,Patient Health Questionnaire - 2 item,Nominal,Input,10,Right,F1,F1,
confidence,374,Confidence in tract identification,Nominal,Input,12,Right,F2,F2,
tractce10,375,2010 Census tract,Nominal,Input,20,Left,A18,A18,
geoid10,376,2010 Census tract (including state and county),Nominal,Input,26,Left,A33,A33,
namelsad10,377,2010 Census tract label,Nominal,Input,26,Left,A60,A60,
zipcodeOpen,378,zip code,Nominal,Input,50,Left,A5,A5,
phoneType,379,Phone type,Nominal,Input,11,Right,F1,F1,
stratum,380,Sample Stratum,Nominal,Input,10,Right,F1,F1,
finalweight,381,Final weight,Scale,Input,15,Right,F6.2,F6.2,
,,,,,,,,,
,,,,,,,,,
,,,,,,,,,
,,,,,,,,,
,,,,,,,,,
,,,,,,,,,
,,,,,,,,,
,,,,,,,,,
,,,,,,,,,
,,,,,,,,,
,,,,,,,,,
,,,,,,,,,
,,,,,,,,,
,,,,,,,,,
,,,,,,,,,
,,,,,,,,,
,,,,,,,,,
,,,,,,,,,
,,,,,,,,,
,,,,,,,,,
,,,,,,,,,
,,,,,,,,,
,,,,,,,,,
,,,,,,,,,
,,,,,,,,,
,,,,,,,,,
,,,,,,,,,
,,,,,,,,,
,,,,,,,,,
,,,,,,,,,
,,,,,,,,,
,,,,,,,,,
,,,,,,,,,
,,,,,,,,,
,,,,,,,,,
,,,,,,,,,
,,,,,,,,,
,,,,,,,,,
,,,,,,,,,
,,,,,,,,,
,,,,,,,,,
,,,,,,,,,
,,,,,,,,,
,,,,,,,,,
,,,,,,,,,
,,,,,,,,,
,,,,,,,,,
,,,,,,,,,
,,,,,,,,,
,,,,,,,,,
,,,,,,,,,
,,,,,,,,,
,,,,,,,,,
,,,,,,,,,
,,,,,,,,,
,,,,,,,,,
,,,,,,,,,
,,,,,,,,,
,,,,,,,,,
,,,,,,,,,
,,,,,,,,,
,,,,,,,,,
,,,,,,,,,
,,,,,,,,,
,,,,,,,,,
,,,,,,,,,
,,,,,,,,,
,,,,,,,,,
,,,,,,,,,
,,,,,,,,,
,,,,,,,,,
,,,,,,,,,
,,,,,,,,,
,,,,,,,,,
,,,,,,,,,
,,,,,,,,,
,,,,,,,,,
,,,,,,,,,
,,,,,,,,,
,,,,,,,,,
,,,,,,,,,
,,,,,,,,,
,,,,,,,,,
,,,,,,,,,
,,,,,,,,,
,,,,,,,,,
,,,,,,,,,
,,,,,,,,,
,,,,,,,,,
,,,,,,,,,
,,,,,,,,,
,,,,,,,,,
,,,,,,,,,
,,,,,,,,,
,,,,,,,,,
,,,,,,,,,
,,,,,,,,,
,,,,,,,,,
,,,,,,,,,
,,,,,,,,,
,,,,,,,,,
,,,,,,,,,
,,,,,,,,,
,,,,,,,,,
,,,,,,,,,
,,,,,,,,,
,,,,,,,,,
,,,,,,,,,
,,,,,,,,,
,,,,,,,,,
,,,,,,,,,
,,,,,,,,,
,,,,,,,,,
,,,,,,,,,
,,,,,,,,,
,,,,,,,,,
,,,,,,,,,
,,,,,,,,,
,,,,,,,,,
,,,,,,,,,
,,,,,,,,,
,,,,,,,,,
,,,,,,,,,
,,,,,,,,,
,,,,,,,,,
,,,,,,,,,
,,,,,,,,,
,,,,,,,,,
,,,,,,,,,
,,,,,,,,,
,,,,,,,,,
,,,,,,,,,
,,,,,,,,,
,,,,,,,,,
,,,,,,,,,
,,,,,,,,,
,,,,,,,,,
,,,,,,,,,
,,,,,,,,,
,,,,,,,,,
,,,,,,,,,
,,,,,,,,,
,,,,,,,,,
,,,,,,,,,
,,,,,,,,,
,,,,,,,,,
,,,,,,,,,
,,,,,,,,,
,,,,,,,,,
,,,,,,,,,
,,,,,,,,,
,,,,,,,,,
,,,,,,,,,
,,,,,,,,,
,,,,,,,,,
,,,,,,,,,
,,,,,,,,,
,,,,,,,,,
,,,,,,,,,
,,,,,,,,,
,,,,,,,,,
,,,,,,,,,
,,,,,,,,,
,,,,,,,,,
,,,,,,,,,
,,,,,,,,,
,,,,,,,,,
,,,,,,,,,
,,,,,,,,,
,,,,,,,,,
,,,,,,,,,
,,,,,,,,,
,,,,,,,,,
,,,,,,,,,
,,,,,,,,,
,,,,,,,,,
,,,,,,,,,
,,,,,,,,,
,,,,,,,,,
,,,,,,,,,
,,,,,,,,,
,,,,,,,,,
,,,,,,,,,
,,,,,,,,,
,,,,,,,,,
,,,,,,,,,
,,,,,,,,,
,,,,,,,,,
,,,,,,,,,
,,,,,,,,,
,,,,,,,,,
,,,,,,,,,
,,,,,,,,,
,,,,,,,,,
,,,,,,,,,
,,,,,,,,,
,,,,,,,,,
,,,,,,,,,
,,,,,,,,,
,,,,,,,,,
,,,,,,,,,
,,,,,,,,,
,,,,,,,,,
,,,,,,,,,
,,,,,,,,,
,,,,,,,,,
,,,,,,,,,
,,,,,,,,,
,,,,,,,,,
,,,,,,,,,
,,,,,,,,,
,,,,,,,,,
,,,,,,,,,
,,,,,,,,,
,,,,,,,,,
,,,,,,,,,
,,,,,,,,,
,,,,,,,,,
,,,,,,,,,
,,,,,,,,,
,,,,,,,,,
,,,,,,,,,
,,,,,,,,,
,,,,,,,,,
,,,,,,,,,
,,,,,,,,,
,,,,,,,,,
,,,,,,,,,
,,,,,,,,,
,,,,,,,,,
,,,,,,,,,
,,,,,,,,,
,,,,,,,,,
,,,,,,,,,
,,,,,,,,,
,,,,,,,,,
,,,,,,,,,
,,,,,,,,,
,,,,,,,,,
,,,,,,,,,
,,,,,,,,,
,,,,,,,,,
,,,,,,,,,
,,,,,,,,,
,,,,,,,,,
,,,,,,,,,
,,,,,,,,,
,,,,,,,,,
,,,,,,,,,
,,,,,,,,,
,,,,,,,,,
,,,,,,,,,
,,,,,,,,,
,,,,,,,,,
,,,,,,,,,
,,,,,,,,,
,,,,,,,,,
,,,,,,,,,
,,,,,,,,,
,,,,,,,,,
,,,,,,,,,
,,,,,,,,,
,,,,,,,,,
,,,,,,,,,
,,,,,,,,,
,,,,,,,,,
,,,,,,,,,
,,,,,,,,,
,,,,,,,,,
,,,,,,,,,
,,,,,,,,,
,,,,,,,,,
,,,,,,,,,
,,,,,,,,,
,,,,,,,,,
,,,,,,,,,
,,,,,,,,,
,,,,,,,,,
,,,,,,,,,
,,,,,,,,,
,,,,,,,,,
,,,,,,,,,
,,,,,,,,,
,,,,,,,,,
,,,,,,,,,
,,,,,,,,,
,,,,,,,,,
,,,,,,,,,
,,,,,,,,,
,,,,,,,,,
,,,,,,,,,
,,,,,,,,,
,,,,,,,,,
,,,,,,,,,
,,,,,,,,,
,,,,,,,,,
,,,,,,,,,
,,,,,,,,,
,,,,,,,,,
,,,,,,,,,
,,,,,,,,,
,,,,,,,,,
,,,,,,,,,
,,,,,,,,,
,,,,,,,,,
,,,,,,,,,
,,,,,,,,,
,,,,,,,,,
,,,,,,,,,
,,,,,,,,,
,,,,,,,,,
,,,,,,,,,
,,,,,,,,,
,,,,,,,,,
,,,,,,,,,
,,,,,,,,,
,,,,,,,,,
,,,,,,,,,
,,,,,,,,,
,,,,,,,,,
,,,,,,,,,
,,,,,,,,,
,,,,,,,,,
,,,,,,,,,
,,,,,,,,,
,,,,,,,,,
,,,,,,,,,
,,,,,,,,,
,,,,,,,,,
,,,,,,,,,
,,,,,,,,,
,,,,,,,,,
,,,,,,,,,
,,,,,,,,,
,,,,,,,,,
,,,,,,,,,
,,,,,,,,,
,,,,,,,,,
,,,,,,,,,
,,,,,,,,,
,,,,,,,,,
,,,,,,,,,
,,,,,,,,,
,,,,,,,,,
,,,,,,,,,
,,,,,,,,,
,,,,,,,,,
,,,,,,,,,
,,,,,,,,,
,,,,,,,,,
,,,,,,,,,
,,,,,,,,,
,,,,,,,,,
,,,,,,,,,
,,,,,,,,,
,,,,,,,,,
,,,,,,,,,
,,,,,,,,,
,,,,,,,,,
,,,,,,,,,
,,,,,,,,,
,,,,,,,,,
,,,,,,,,,
,,,,,,,,,
,,,,,,,,,
,,,,,,,,,
,,,,,,,,,
,,,,,,,,,
,,,,,,,,,
,,,,,,,,,
,,,,,,,,,
,,,,,,,,,
,,,,,,,,,
,,,,,,,,,
,,,,,,,,,
,,,,,,,,,
,,,,,,,,,
,,,,,,,,,
,,,,,,,,,
,,,,,,,,,
,,,,,,,,,
,,,,,,,,,
,,,,,,,,,
,,,,,,,,,
,,,,,,,,,
,,,,,,,,,
,,,,,,,,,
,,,,,,,,,
,,,,,,,,,
,,,,,,,,,
,,,,,,,,,
,,,,,,,,,
,,,,,,,,,
,,,,,,,,,
,,,,,,,,,
,,,,,,,,,
,,,,,,,,,
,,,,,,,,,
,,,,,,,,,
,,,,,,,,,
,,,,,,,,,
,,,,,,,,,
,,,,,,,,,
,,,,,,,,,
,,,,,,,,,
,,,,,,,,,
,,,,,,,,,
,,,,,,,,,
,,,,,,,,,
,,,,,,,,,
,,,,,,,,,
,,,,,,,,,
,,,,,,,,,
,,,,,,,,,
,,,,,,,,,
,,,,,,,,,
,,,,,,,,,
,,,,,,,,,
,,,,,,,,,
,,,,,,,,,
,,,,,,,,,
,,,,,,,,,
,,,,,,,,,
,,,,,,,,,
,,,,,,,,,
,,,,,,,,,
,,,,,,,,,
,,,,,,,,,
,,,,,,,,,
,,,,,,,,,
,,,,,,,,,
,,,,,,,,,
,,,,,,,,,
,,,,,,,,,
,,,,,,,,,
,,,,,,,,,
,,,,,,,,,
,,,,,,,,,
,,,,,,,,,
,,,,,,,,,
,,,,,,,,,
,,,,,,,,,
,,,,,,,,,
,,,,,,,,,
,,,,,,,,,
,,,,,,,,,
,,,,,,,,,
,,,,,,,,,
,,,,,,,,,
,,,,,,,,,
,,,,,,,,,
,,,,,,,,,
,,,,,,,,,
,,,,,,,,,
,,,,,,,,,
,,,,,,,,,
,,,,,,,,,
,,,,,,,,,
,,,,,,,,,
,,,,,,,,,
,,,,,,,,,
,,,,,,,,,
,,,,,,,,,
,,,,,,,,,
,,,,,,,,,
,,,,,,,,,
,,,,,,,,,
,,,,,,,,,
,,,,,,,,,
,,,,,,,,,
,,,,,,,,,
,,,,,,,,,
,,,,,,,,,
,,,,,,,,,
,,,,,,,,,
,,,,,,,,,
,,,,,,,,,
,,,,,,,,,
,,,,,,,,,
,,,,,,,,,
,,,,,,,,,
,,,,,,,,,
,,,,,,,,,
,,,,,,,,,
,,,,,,,,,
,,,,,,,,,
,,,,,,,,,
,,,,,,,,,
,,,,,,,,,
,,,,,,,,,
,,,,,,,,,
,,,,,,,,,
,,,,,,,,,
,,,,,,,,,
,,,,,,,,,
,,,,,,,,,
,,,,,,,,,
,,,,,,,,,
,,,,,,,,,
,,,,,,,,,
,,,,,,,,,
,,,,,,,,,
,,,,,,,,,
,,,,,,,,,
,,,,,,,,,
,,,,,,,,,
,,,,,,,,,
,,,,,,,,,
,,,,,,,,,
,,,,,,,,,
,,,,,,,,,
,,,,,,,,,
,,,,,,,,,
,,,,,,,,,
,,,,,,,,,
,,,,,,,,,
,,,,,,,,,
,,,,,,,,,
,,,,,,,,,
,,,,,,,,,
,,,,,,,,,
,,,,,,,,,
,,,,,,,,,
,,,,,,,,,
,,,,,,,,,
,,,,,,,,,
,,,,,,,,,
,,,,,,,,,
,,,,,,,,,
,,,,,,,,,
,,,,,,,,,
,,,,,,,,,
,,,,,,,,,
,,,,,,,,,
,,,,,,,,,
,,,,,,,,,
,,,,,,,,,
,,,,,,,,,
,,,,,,,,,
,,,,,,,,,
,,,,,,,,,
,,,,,,,,,
,,,,,,,,,
,,,,,,,,,
,,,,,,,,,
,,,,,,,,,
,,,,,,,,,
,,,,,,,,,
,,,,,,,,,
,,,,,,,,,
,,,,,,,,,
,,,,,,,,,
,,,,,,,,,
,,,,,,,,,
,,,,,,,,,
,,,,,,,,,
,,,,,,,,,
,,,,,,,,,
,,,,,,,,,
,,,,,,,,,
,,,,,,,,,
,,,,,,,,,
,,,,,,,,,
,,,,,,,,,
,,,,,,,,,
,,,,,,,,,
,,,,,,,,,
,,,,,,,,,
,,,,,,,,,
,,,,,,,,,
,,,,,,,,,
,,,,,,,,,
,,,,,,,,,
,,,,,,,,,
,,,,,,,,,
,,,,,,,,,
,,,,,,,,,
,,,,,,,,,
,,,,,,,,,
,,,,,,,,,
,,,,,,,,,
,,,,,,,,,
,,,,,,,,,
,,,,,,,,,
,,,,,,,,,
,,,,,,,,,
,,,,,,,,,
,,,,,,,,,
,,,,,,,,,
,,,,,,,,,
,,,,,,,,,
,,,,,,,,,
,,,,,,,,,
,,,,,,,,,
,,,,,,,,,
,,,,,,,,,
,,,,,,,,,
,,,,,,,,,
,,,,,,,,,
,,,,,,,,,
,,,,,,,,,
,,,,,,,,,
,,,,,,,,,
,,,,,,,,,
,,,,,,,,,
,,,,,,,,,
,,,,,,,,,
,,,,,,,,,
,,,,,,,,,
,,,,,,,,,
,,,,,,,,,
,,,,,,,,,
,,,,,,,,,
,,,,,,,,,
,,,,,,,,,
,,,,,,,,,
,,,,,,,,,
,,,,,,,,,
,,,,,,,,,
,,,,,,,,,
,,,,,,,,,
,,,,,,,,,
,,,,,,,,,
,,,,,,,,,
,,,,,,,,,
,,,,,,,,,
,,,,,,,,,
,,,,,,,,,
,,,,,,,,,
,,,,,,,,,
,,,,,,,,,
,,,,,,,,,
,,,,,,,,,
,,,,,,,,,
,,,,,,,,,
,,,,,,,,,
,,,,,,,,,
,,,,,,,,,
,,,,,,,,,
,,,,,,,,,
,,,,,,,,,
,,,,,,,,,
,,,,,,,,,
,,,,,,,,,
,,,,,,,,,
,,,,,,,,,
,,,,,,,,,
,,,,,,,,,
,,,,,,,,,
,,,,,,,,,
,,,,,,,,,
,,,,,,,,,
,,,,,,,,,
,,,,,,,,,
,,,,,,,,,
,,,,,,,,,
,,,,,,,,,
,,,,,,,,,
,,,,,,,,,
,,,,,,,,,
,,,,,,,,,
,,,,,,,,,
,,,,,,,,,
,,,,,,,,,
,,,,,,,,,
,,,,,,,,,
,,,,,,,,,
,,,,,,,,,
,,,,,,,,,
,,,,,,,,,
,,,,,,,,,
,,,,,,,,,
,,,,,,,,,
,,,,,,,,,
,,,,,,,,,
,,,,,,,,,
,,,,,,,,,
,,,,,,,,,
,,,,,,,,,
,,,,,,,,,
,,,,,,,,,
,,,,,,,,,
,,,,,,,,,
,,,,,,,,,
,,,,,,,,,
,,,,,,,,,
,,,,,,,,,
,,,,,,,,,
,,,,,,,,,
,,,,,,,,,
,,,,,,,,,
,,,,,,,,,
,,,,,,,,,
,,,,,,,,,
,,,,,,,,,
,,,,,,,,,
,,,,,,,,,
,,,,,,,,,
,,,,,,,,,
,,,,,,,,,
,,,,,,,,,
,,,,,,,,,
,,,,,,,,,
,,,,,,,,,
,,,,,,,,,
,,,,,,,,,
,,,,,,,,,
,,,,,,,,,
,,,,,,,,,
,,,,,,,,,
,,,,,,,,,
,,,,,,,,,
,,,,,,,,,
,,,,,,,,,
,,,,,,,,,
,,,,,,,,,
,,,,,,,,,
,,,,,,,,,
,,,,,,,,,
,,,,,,,,,
,,,,,,,,,
,,,,,,,,,
,,,,,,,,,
,,,,,,,,,
,,,,,,,,,
,,,,,,,,,
,,,,,,,,,
,,,,,,,,,
,,,,,,,,,
,,,,,,,,,
,,,,,,,,,
,,,,,,,,,
,,,,,,,,,
,,,,,,,,,
,,,,,,,,,
,,,,,,,,,
,,,,,,,,,
,,,,,,,,,
,,,,,,,,,
,,,,,,,,,
,,,,,,,,,
,,,,,,,,,
,,,,,,,,,
,,,,,,,,,
,,,,,,,,,
,,,,,,,,,
,,,,,,,,,
,,,,,,,,,
,,,,,,,,,
,,,,,,,,,
,,,,,,,,,
,,,,,,,,,
,,,,,,,,,
,,,,,,,,,
,,,,,,,,,
,,,,,,,,,
,,,,,,,,,
,,,,,,,,,
,,,,,,,,,
,,,,,,,,,
,,,,,,,,,
,,,,,,,,,
,,,,,,,,,
,,,,,,,,,
,,,,,,,,,
,,,,,,,,,
,,,,,,,,,
,,,,,,,,,
,,,,,,,,,
,,,,,,,,,
,,,,,,,,,
,,,,,,,,,
,,,,,,,,,
,,,,,,,,,
,,,,,,,,,
,,,,,,,,,
,,,,,,,,,
,,,,,,,,,
,,,,,,,,,
,,,,,,,,,
,,,,,,,,,
,,,,,,,,,
,,,,,,,,,
,,,,,,,,,
,,,,,,,,,
,,,,,,,,,
,,,,,,,,,
,,,,,,,,,
,,,,,,,,,
,,,,,,,,,
,,,,,,,,,
,,,,,,,,,
,,,,,,,,,
,,,,,,,,,
,,,,,,,,,
,,,,,,,,,
,,,,,,,,,
,,,,,,,,,
,,,,,,,,,
,,,,,,,,,
,,,,,,,,,
,,,,,,,,,
,,,,,,,,,
,,,,,,,,,
,,,,,,,,,
,,,,,,,,,
,,,,,,,,,
,,,,,,,,,
,,,,,,,,,
,,,,,,,,,
,,,,,,,,,
,,,,,,,,,
,,,,,,,,,
,,,,,,,,,
,,,,,,,,,
,,,,,,,,,
,,,,,,,,,
,,,,,,,,,
,,,,,,,,,
,,,,,,,,,
,,,,,,,,,
,,,,,,,,,
,,,,,,,,,
,,,,,,,,,
,,,,,,,,,
,,,,,,,,,
,,,,,,,,,
,,,,,,,,,
,,,,,,,,,
,,,,,,,,,
,,,,,,,,,
,,,,,,,,,
,,,,,,,,,
,,,,,,,,,
,,,,,,,,,
,,,,,,,,,
,,,,,,,,,
,,,,,,,,,
,,,,,,,,,
,,,,,,,,,
,,,,,,,,,
,,,,,,,,,
,,,,,,,,,
,,,,,,,,,
,,,,,,,,,
,,,,,,,,,
,,,,,,,,,
,,,,,,,,,
,,,,,,,,,
,,,,,,,,,
,,,,,,,,,
,,,,,,,,,
,,,,,,,,,
,,,,,,,,,
,,,,,,,,,
,,,,,,,,,
,,,,,,,,,
,,,,,,,,,
,,,,,,,,,
,,,,,,,,,
,,,,,,,,,
,,,,,,,,,
,,,,,,,,,
,,,,,,,,,
,,,,,,,,,
,,,,,,,,,
,,,,,,,,,
,,,,,,,,,
,,,,,,,,,
,,,,,,,,,
,,,,,,,,,
,,,,,,,,,
,,,,,,,,,
,,,,,,,,,
,,,,,,,,,
,,,,,,,,,
,,,,,,,,,
,,,,,,,,,
,,,,,,,,,
,,,,,,,,,
,,,,,,,,,
,,,,,,,,,
,,,,,,,,,
,,,,,,,,,
,,,,,,,,,
,,,,,,,,,
,,,,,,,,,
,,,,,,,,,
,,,,,,,,,
,,,,,,,,,
,,,,,,,,,
,,,,,,,,,
,,,,,,,,,
,,,,,,,,,
,,,,,,,,,
,,,,,,,,,
,,,,,,,,,
,,,,,,,,,
,,,,,,,,,
,,,,,,,,,
,,,,,,,,,
,,,,,,,,,
,,,,,,,,,
,,,,,,,,,
,,,,,,,,,
,,,,,,,,,
,,,,,,,,,
,,,,,,,,,
,,,,,,,,,
,,,,,,,,,
,,,,,,,,,
,,,,,,,,,
,,,,,,,,,
,,,,,,,,,
,,,,,,,,,
,,,,,,,,,
,,,,,,,,,
,,,,,,,,,
,,,,,,,,,
,,,,,,,,,
,,,,,,,,,
,,,,,,,,,
,,,,,,,,,
,,,,,,,,,
,,,,,,,,,
,,,,,,,,,
,,,,,,,,,
,,,,,,,,,
,,,,,,,,,
,,,,,,,,,
,,,,,,,,,
,,,,,,,,,
,,,,,,,,,
,,,,,,,,,
,,,,,,,,,
,,,,,,,,,
,,,,,,,,,
,,,,,,,,,
,,,,,,,,,
,,,,,,,,,
,,,,,,,,,
,,,,,,,,,
,,,,,,,,,
,,,,,,,,,
,,,,,,,,,
,,,,,,,,,
,,,,,,,,,
,,,,,,,,,
,,,,,,,,,
,,,,,,,,,
,,,,,,,,,
,,,,,,,,,
,,,,,,,,,
,,,,,,,,,
,,,,,,,,,
,,,,,,,,,
,,,,,,,,,
,,,,,,,,,
,,,,,,,,,
,,,,,,,,,
,,,,,,,,,
,,,,,,,,,
,,,,,,,,,
,,,,,,,,,
,,,,,,,,,
,,,,,,,,,
,,,,,,,,,
,,,,,,,,,
,,,,,,,,,
,,,,,,,,,
,,,,,,,,,
,,,,,,,,,
,,,,,,,,,
,,,,,,,,,
,,,,,,,,,
,,,,,,,,,
,,,,,,,,,
,,,,,,,,,
,,,,,,,,,
,,,,,,,,,
,,,,,,,,,
,,,,,,,,,
,,,,,,,,,
,,,,,,,,,
,,,,,,,,,
,,,,,,,,,
,,,,,,,,,
,,,,,,,,,
,,,,,,,,,
,,,,,,,,,
,,,,,,,,,
,,,,,,,,,
,,,,,,,,,
,,,,,,,,,
,,,,,,,,,
,,,,,,,,,
,,,,,,,,,
,,,,,,,,,
,,,,,,,,,
,,,,,,,,,
,,,,,,,,,
,,,,,,,,,
,,,,,,,,,
,,,,,,,,,
,,,,,,,,,
,,,,,,,,,
,,,,,,,,,
,,,,,,,,,
,,,,,,,,,
,,,,,,,,,
,,,,,,,,,
,,,,,,,,,
,,,,,,,,,
,,,,,,,,,
,,,,,,,,,
,,,,,,,,,
,,,,,,,,,
,,,,,,,,,
,,,,,,,,,
,,,,,,,,,
,,,,,,,,,
,,,,,,,,,
,,,,,,,,,
,,,,,,,,,
,,,,,,,,,
,,,,,,,,,
,,,,,,,,,
,,,,,,,,,
,,,,,,,,,
,,,,,,,,,
,,,,,,,,,
,,,,,,,,,
,,,,,,,,,
,,,,,,,,,
,,,,,,,,,
,,,,,,,,,
,,,,,,,,,
,,,,,,,,,
,,,,,,,,,
,,,,,,,,,
,,,,,,,,,
,,,,,,,,,
,,,,,,,,,
,,,,,,,,,
,,,,,,,,,
,,,,,,,,,
,,,,,,,,,
,,,,,,,,,
,,,,,,,,,
,,,,,,,,,
,,,,,,,,,
,,,,,,,,,
,,,,,,,,,
,,,,,,,,,
,,,,,,,,,
,,,,,,,,,
,,,,,,,,,
,,,,,,,,,
,,,,,,,,,
,,,,,,,,,
,,,,,,,,,
,,,,,,,,,
,,,,,,,,,
,,,,,,,,,
,,,,,,,,,
,,,,,,,,,
,,,,,,,,,
,,,,,,,,,
,,,,,,,,,
,,,,,,,,,
,,,,,,,,,
,,,,,,,,,
,,,,,,,,,
,,,,,,,,,
,,,,,,,,,
,,,,,,,,,
,,,,,,,,,
,,,,,,,,,
,,,,,,,,,
,,,,,,,,,
,,,,,,,,,
,,,,,,,,,
,,,,,,,,,
,,,,,,,,,
,,,,,,,,,
,,,,,,,,,
,,,,,,,,,
,,,,,,,,,
,,,,,,,,,
,,,,,,,,,
,,,,,,,,,
,,,,,,,,,
,,,,,,,,,
,,,,,,,,,
,,,,,,,,,
,,,,,,,,,
,,,,,,,,,
,,,,,,,,,
,,,,,,,,,
,,,,,,,,,
,,,,,,,,,
,,,,,,,,,
,,,,,,,,,
,,,,,,,,,
,,,,,,,,,
,,,,,,,,,
,,,,,,,,,
,,,,,,,,,
,,,,,,,,,
,,,,,,,,,
,,,,,,,,,
,,,,,,,,,
,,,,,,,,,
,,,,,,,,,
,,,,,,,,,
,,,,,,,,,
,,,,,,,,,
,,,,,,,,,
,,,,,,,,,
,,,,,,,,,
,,,,,,,,,
,,,,,,,,,
,,,,,,,,,
,,,,,,,,,
,,,,,,,,,
,,,,,,,,,
,,,,,,,,,
,,,,,,,,,
,,,,,,,,,
,,,,,,,,,
,,,,,,,,,
,,,,,,,,,
,,,,,,,,,
,,,,,,,,,
,,,,,,,,,
,,,,,,,,,
,,,,,,,,,
,,,,,,,,,
,,,,,,,,,
,,,,,,,,,
,,,,,,,,,
,,,,,,,,,
,,,,,,,,,
,,,,,,,,,
,,,,,,,,,
,,,,,,,,,
,,,,,,,,,
,,,,,,,,,
,,,,,,,,,
,,,,,,,,,
,,,,,,,,,
,,,,,,,,,
,,,,,,,,,
,,,,,,,,,
,,,,,,,,,
,,,,,,,,,
,,,,,,,,,
,,,,,,,,,
,,,,,,,,,
,,,,,,,,,
,,,,,,,,,
,,,,,,,,,
,,,,,,,,,
,,,,,,,,,
,,,,,,,,,
,,,,,,,,,
,,,,,,,,,
,,,,,,,,,
,,,,,,,,,
,,,,,,,,,
,,,,,,,,,
,,,,,,,,,
,,,,,,,,,
,,,,,,,,,
,,,,,,,,,
,,,,,,,,,
,,,,,,,,,
,,,,,,,,,
,,,,,,,,,
,,,,,,,,,
,,,,,,,,,
,,,,,,,,,
,,,,,,,,,
,,,,,,,,,
,,,,,,,,,
,,,,,,,,,
,,,,,,,,,
,,,,,,,,,
,,,,,,,,,
,,,,,,,,,
,,,,,,,,,
,,,,,,,,,
,,,,,,,,,
,,,,,,,,,
,,,,,,,,,
,,,,,,,,,
,,,,,,,,,
,,,,,,,,,
,,,,,,,,,
,,,,,,,,,
,,,,,,,,,
,,,,,,,,,
,,,,,,,,,
,,,,,,,,,
,,,,,,,,,
,,,,,,,,,
,,,,,,,,,
,,,,,,,,,
,,,,,,,,,
,,,,,,,,,
,,,,,,,,,
,,,,,,,,,
,,,,,,,,,
,,,,,,,,,
,,,,,,,,,
,,,,,,,,,
,,,,,,,,,
,,,,,,,,,
,,,,,,,,,
,,,,,,,,,
,,,,,,,,,
,,,,,,,,,
,,,,,,,,,
,,,,,,,,,
,,,,,,,,,
,,,,,,,,,
,,,,,,,,,
,,,,,,,,,
,,,,,,,,,
,,,,,,,,,
,,,,,,,,,
,,,,,,,,,
,,,,,,,,,
,,,,,,,,,
,,,,,,,,,
,,,,,,,,,
,,,,,,,,,
,,,,,,,,,
,,,,,,,,,
,,,,,,,,,
,,,,,,,,,
,,,,,,,,,
,,,,,,,,,
,,,,,,,,,
,,,,,,,,,
,,,,,,,,,
,,,,,,,,,
,,,,,,,,,
,,,,,,,,,
,,,,,,,,,
,,,,,,,,,
,,,,,,,,,
,,,,,,,,,
,,,,,,,,,
,,,,,,,,,
,,,,,,,,,
,,,,,,,,,
,,,,,,,,,
,,,,,,,,,
,,,,,,,,,
,,,,,,,,,
,,,,,,,,,
,,,,,,,,,
,,,,,,,,,
,,,,,,,,,
,,,,,,,,,
,,,,,,,,,
,,,,,,,,,
,,,,,,,,,
,,,,,,,,,
,,,,,,,,,
,,,,,,,,,
,,,,,,,,,
,,,,,,,,,
,,,,,,,,,
,,,,,,,,,
,,,,,,,,,
,,,,,,,,,
,,,,,,,,,
,,,,,,,,,
,,,,,,,,,
,,,,,,,,,
,,,,,,,,,
,,,,,,,,,
,,,,,,,,,
,,,,,,,,,
,,,,,,,,,
,,,,,,,,,
,,,,,,,,,
,,,,,,,,,
,,,,,,,,,
,,,,,,,,,
,,,,,,,,,
,,,,,,,,,
,,,,,,,,,
,,,,,,,,,
,,,,,,,,,
,,,,,,,,,
,,,,,,,,,
,,,,,,,,,
,,,,,,,,,
,,,,,,,,,
,,,,,,,,,
,,,,,,,,,
,,,,,,,,,
,,,,,,,,,
,,,,,,,,,
,,,,,,,,,
,,,,,,,,,
,,,,,,,,,
,,,,,,,,,
,,,,,,,,,
,,,,,,,,,
,,,,,,,,,
,,,,,,,,,
,,,,,,,,,
,,,,,,,,,
,,,,,,,,,
,,,,,,,,,
,,,,,,,,,
,,,,,,,,,
,,,,,,,,,
,,,,,,,,,
,,,,,,,,,
,,,,,,,,,
,,,,,,,,,
,,,,,,,,,
,,,,,,,,,
,,,,,,,,,
,,,,,,,,,
,,,,,,,,,
,,,,,,,,,
,,,,,,,,,
,,,,,,,,,
,,,,,,,,,
,,,,,,,,,
,,,,,,,,,
,,,,,,,,,
,,,,,,,,,
,,,,,,,,,
,,,,,,,,,
,,,,,,,,,
,,,,,,,,,
,,,,,,,,,
,,,,,,,,,
,,,,,,,,,
,,,,,,,,,
,,,,,,,,,
,,,,,,,,,
,,,,,,,,,
,,,,,,,,,
,,,,,,,,,
,,,,,,,,,
,,,,,,,,,
,,,,,,,,,
,,,,,,,,,
,,,,,,,,,
,,,,,,,,,
,,,,,,,,,
,,,,,,,,,
,,,,,,,,,
,,,,,,,,,
,,,,,,,,,
,,,,,,,,,
,,,,,,,,,
,,,,,,,,,
,,,,,,,,,
,,,,,,,,,
,,,,,,,,,
,,,,,,,,,
,,,,,,,,,
,,,,,,,,,
,,,,,,,,,
,,,,,,,,,
,,,,,,,,,
,,,,,,,,,
,,,,,,,,,
,,,,,,,,,
,,,,,,,,,
,,,,,,,,,
,,,,,,,,,
,,,,,,,,,
,,,,,,,,,
,,,,,,,,,
,,,,,,,,,
,,,,,,,,,
,,,,,,,,,
,,,,,,,,,
,,,,,,,,,
,,,,,,,,,
,,,,,,,,,
,,,,,,,,,
,,,,,,,,,
,,,,,,,,,
,,,,,,,,,
,,,,,,,,,
,,,,,,,,,
,,,,,,,,,
,,,,,,,,,
,,,,,,,,,
,,,,,,,,,
,,,,,,,,,
,,,,,,,,,
,,,,,,,,,
,,,,,,,,,
,,,,,,,,,
,,,,,,,,,
,,,,,,,,,
,,,,,,,,,
,,,,,,,,,
,,,,,,,,,
,,,,,,,,,
,,,,,,,,,
,,,,,,,,,
,,,,,,,,,
,,,,,,,,,
